,City,Pro,Expert,Expert+,Creator Count,location,coordinates,state,country,OSM_Search_Query
0,"London, UK",14436,1609,179,16224,"London, Greater London, England, United Kingdom","(51.5073219, -0.1276474, 0.0)",London, United Kingdom,"London,  United Kingdom"
1,"Los Angeles, CA",12629,2197,258,15084,"Los Angeles, Los Angeles County, California, United States","(34.0536909, -118.242766, 0.0)",Los Angeles, United States,"Los Angeles,  United States"
2,"New York, NY",8098,1268,191,9557,"New York, United States","(40.7127281, -74.0060152, 0.0)",New York, United States,"New York,  United States"
3,"Washington, D.C.",5664,804,92,6560,"Embassy of Hungary, 1500, Rhode Island Avenue Northwest, Dupont Circle, Washington, District of Columbia, 20005, United States","(38.9074322, -77.0350922, 0.0)",Washington D.C., United States,"Washington D.C.,  United States"
5,"Austin, TX",4635,800,98,5533,"Austin, Travis County, Texas, United States","(30.2711286, -97.7436995, 0.0)",Austin, United States,"Austin,  United States"
7,"Paris, France",3783,484,67,4334,"Paris, Ile-de-France, Metropolitan France, France","(48.8588897, 2.3200410217200766, 0.0)",Paris, France,"Paris,  France"
9,"Atlanta, GA",3527,364,40,3931,"Atlanta, Fulton County, Georgia, United States","(33.7489924, -84.3902644, 0.0)",Atlanta, United States,"Atlanta,  United States"
10,"Toronto, Canada",3537,250,15,3802,"Toronto, Golden Horseshoe, Ontario, Canada","(43.6534817, -79.3839347, 0.0)",Toronto, Canada,"Toronto,  Canada"
11,"San Francisco, CA",3358,387,40,3785,"San Francisco, California, United States","(37.7790262, -122.419906, 0.0)",San Francisco, United States,"San Francisco,  United States"
12,Madrid,3119,457,45,3621,"Madrid, Área metropolitana de Madrid y Corredor del Henares, Community of Madrid, Spain","(40.4167047, -3.7035825, 0.0)",Madrid, Spain,"Madrid,  Spain"
15,"Chicago, IL",2520,209,14,2743,"Chicago, Cook County, Illinois, United States","(41.8755616, -87.6244212, 0.0)",Chicago, United States,"Chicago,  United States"
17,"Ontario, Canada",2271,235,13,2519,"Ontario, Canada","(50.000678, -86.000977, 0.0)",Ontario, Canada,"Ontario,  Canada"
18,"Las Vegas, NV",2117,333,15,2465,"Las Vegas, Clark County, Nevada, United States","(36.1672559, -115.148516, 0.0)",Las Vegas, United States,"Las Vegas,  United States"
19,"Boston, MA",2220,195,11,2426,"Boston, Suffolk County, Massachusetts, United States","(42.3554334, -71.060511, 0.0)",Boston, United States,"Boston,  United States"
20,"Sao Paulo, Brasil",1861,461,57,2379,"São Paulo, Região Imediata de São Paulo, Região Metropolitana de São Paulo, Região Geográfica Intermediária de São Paulo, São Paulo, Southeast Region, Brazil","(-23.5506507, -46.6333824, 0.0)",São Paulo, Brazil,"São Paulo,  Brazil"
22,"Miami, FL",1815,380,41,2236,"Miami, Miami-Dade County, Florida, United States","(25.7741728, -80.19362, 0.0)",Miami, United States,"Miami,  United States"
24,Montreal,1851,277,19,2147,"Montreal, Urban agglomeration of Montreal, Montreal (06), Quebec, Canada","(45.5031824, -73.5698065, 0.0)",Montreal, Canada,"Montreal,  Canada"
25,"Houston, TX",1889,208,14,2111,"Houston, Harris County, Texas, United States","(29.7589382, -95.3676974, 0.0)",Houston, United States,"Houston,  United States"
27,"Buenos Aires, Argentina",1650,353,44,2047,"Buenos Aires, Comuna 6, Autonomous City of Buenos Aires, Argentina","(-34.6075682, -58.4370894, 0.0)",Buenos Aires, Argentina,"Buenos Aires,  Argentina"
28,Berlin,1781,209,13,2003,"Berlin, Germany","(52.5170365, 13.3888599, 0.0)",Berlin, Germany,"Berlin,  Germany"
29,"San Diego, CA",1784,169,15,1968,"San Diego, San Diego County, California, United States","(32.7174202, -117.1627728, 0.0)",San Diego, United States,"San Diego,  United States"
30,"Nashville, TN",1701,225,30,1956,"Nashville-Davidson, Davidson County, Tennessee, United States","(36.1622767, -86.7742984, 0.0)",Nashville-Davidson, United States,"Nashville-Davidson,  United States"
31,"Seattle, WA",1769,161,13,1943,"Seattle, King County, Washington, United States","(47.6038321, -122.330062, 0.0)",Seattle, United States,"Seattle,  United States"
33,"Dallas, TX",1644,206,14,1864,"Dallas, Dallas County, Texas, United States","(32.7762719, -96.7968559, 0.0)",Dallas, United States,"Dallas,  United States"
35,"Rio de Janeiro, Brasil",1424,345,53,1822,"Rio de Janeiro, Região Geográfica Imediata do Rio de Janeiro, Região Metropolitana do Rio de Janeiro, Região Geográfica Intermediária do Rio de Janeiro, Rio de Janeiro, Southeast Region, Brazil","(-22.9110137, -43.2093727, 0.0)",Rio de Janeiro, Brazil,"Rio de Janeiro,  Brazil"
36,Mexico City,1407,321,48,1776,"Mexico City, Mexico","(19.4326296, -99.1331785, 0.0)",Mexico City, Mexico,"Mexico City,  Mexico"
38,"Portland, OR",1543,158,12,1713,"Portland, Multnomah County, Oregon, United States","(45.5202471, -122.674194, 0.0)",Portland, United States,"Portland,  United States"
41,"Manchester, England",1552,130,16,1698,"Manchester, Lancashire, England, M60 2UH, United Kingdom","(53.4794892, -2.2451148, 0.0)",Manchester, United Kingdom,"Manchester,  United Kingdom"
42,"Philadelphia, PA",1459,131,8,1598,"Philadelphia, Philadelphia County, Pennsylvania, United States","(39.9527237, -75.1635262, 0.0)",Philadelphia, United States,"Philadelphia,  United States"
43,"Orlando, FL",1395,168,10,1573,"Orlando, Orange County, Florida, United States","(28.5421109, -81.3790304, 0.0)",Orlando, United States,"Orlando,  United States"
44,"Nairobi, Kenya",1327,202,12,1541,"Nairobi, Nairobi County, Kenya","(-1.30325275, 36.826367685558694, 0.0)",Nairobi, Kenya,"Nairobi,  Kenya"
45,"Wien, Osterreich",1201,267,35,1503,"Vienna, Austria","(48.2083537, 16.3725042, 0.0)",Vienna, Austria,"Vienna,  Austria"
46,"Johannesburg, South Africa",1282,196,13,1491,"Johannesburg, City of Johannesburg Metropolitan Municipality, Gauteng, 2001, South Africa","(-26.205, 28.049722, 0.0)",Johannesburg, South Africa,"Johannesburg,  South Africa"
47,"Lagos, Nigeria",1321,131,23,1475,"Lagos, Lagos Island, Lagos State, 100242, Nigeria","(6.4550575, 3.3941795, 0.0)",Lagos, Nigeria,"Lagos,  Nigeria"
48,"Vancouver, British Columbia",1345,102,7,1454,"Vancouver, Metro Vancouver Regional District, British Columbia, Canada","(49.2608724, -123.113952, 0.0)",Vancouver, Canada,"Vancouver,  Canada"
49,"Melbourne, Australia",1311,112,7,1430,"Melbourne, City of Melbourne, Victoria, Australia","(-37.8142176, 144.9631608, 0.0)",Melbourne, Australia,"Melbourne,  Australia"
51,"New Delhi, India",1091,207,31,1329,"New Delhi, Delhi, India","(28.6138954, 77.2090057, 0.0)",New Delhi, India,"New Delhi,  India"
52,"Santiago, Chile",1099,155,20,1274,"Santiago, Provincia de Santiago, Santiago Metropolitan Region, Chile","(-33.4377756, -70.6504502, 0.0)",Santiago, Chile,"Santiago,  Chile"
54,Jakarta,865,285,70,1220,"Special Capital Region of Jakarta, Indonesia","(-6.1753942, 106.827183, 0.0)",Special Capital Region of Jakarta, Indonesia,"Special Capital Region of Jakarta,  Indonesia"
56,"Dublin, Ireland",1130,62,3,1195,"Dublin, Dublin 1, Leinster, Ireland","(53.3497645, -6.2602732, 0.0)",Dublin, Ireland,"Dublin,  Ireland"
57,"Mumbai, India",928,188,61,1177,"Mumbai, Mumbai Metropolitan Region, Mumbai Suburban, Maharashtra, India","(19.0785451, 72.878176, 0.0)",Mumbai, India,"Mumbai,  India"
59,"Columbus, OH",1047,114,8,1169,"Columbus, Franklin County, Ohio, United States","(39.9622601, -83.0007065, 0.0)",Columbus, United States,"Columbus,  United States"
61,"Indianapolis, IN",1043,109,16,1168,"Indianapolis, Marion County, Indiana, United States","(39.7683331, -86.1583502, 0.0)",Indianapolis, United States,"Indianapolis,  United States"
62,Tokyo,1005,149,10,1164,"Tokyo, Japan","(35.6828387, 139.7594549, 0.0)",Tokyo, Japan,"Tokyo,  Japan"
63,Amsterdam,1050,102,5,1157,"Amsterdam, North Holland, Netherlands","(52.3727598, 4.8936041, 0.0)",Amsterdam, Netherlands,"Amsterdam,  Netherlands"
64,"Denver, CO",1044,93,2,1139,"Denver, Colorado, United States","(39.7392364, -104.984862, 0.0)",Denver, United States,"Denver,  United States"
65,"New Jersey, USA",1015,97,7,1119,"New Jersey, United States","(40.0757384, -74.4041622, 0.0)",New Jersey, United States,"New Jersey,  United States"
67,"Caracas, Venezuela",804,191,29,1024,"Caracas, Parroquia Nuestra Señora del Rosario de Baruta, Municipio Baruta, Miranda State, Venezuela","(10.4813175, -66.8796057, 0.0)",Caracas, Venezuela,"Caracas,  Venezuela"
68,"Manhattan, NY",905,102,13,1020,"Manhattan, New York County, New York, United States","(40.7896239, -73.9598939, 0.0)",Manhattan, United States,"Manhattan,  United States"
70,"Detroit, MI",888,76,9,973,"Detroit, Wayne County, Michigan, United States","(42.3315509, -83.0466403, 0.0)",Detroit, United States,"Detroit,  United States"
71,Turkiye,736,198,33,967,Türkiye,"(38.9597594, 34.9249653, 0.0)",Türkiye,Türkiye,"Türkiye, Türkiye"
72,Riyadh,753,182,20,955,"Riyadh, Al Malaz, Riyadh governorate, Riyadh Region, 11131, Saudi Arabia","(24.638916, 46.7160104, 0.0)",Riyadh, Saudi Arabia,"Riyadh,  Saudi Arabia"
73,"Cambridge, MA",852,66,5,923,"Cambridge, Middlesex County, Massachusetts, United States","(42.3750997, -71.1056157, 0.0)",Cambridge, United States,"Cambridge,  United States"
76,"Minneapolis, MN",819,62,6,887,"Minneapolis, Hennepin County, Minnesota, United States","(44.9772995, -93.2654692, 0.0)",Minneapolis, United States,"Minneapolis,  United States"
77,"Birmingham, England",818,57,5,880,"Birmingham, West Midlands, West Midlands Combined Authority, England, United Kingdom","(52.4796992, -1.9026911, 0.0)",Birmingham, United Kingdom,"Birmingham,  United Kingdom"
78,"Bristol, England",808,65,5,878,"Bristol, City of Bristol, West of England, England, United Kingdom","(51.4538022, -2.5972985, 0.0)",Bristol, United Kingdom,"Bristol,  United Kingdom"
79,"Phoenix, AZ",815,58,5,878,"Phoenix, Maricopa County, Arizona, United States","(33.4484367, -112.074141, 0.0)",Phoenix, United States,"Phoenix,  United States"
81,"Pittsburgh, PA",780,75,2,857,"Pittsburgh, Allegheny County, Pennsylvania, United States","(40.4416941, -79.9900861, 0.0)",Pittsburgh, United States,"Pittsburgh,  United States"
83,"Charlotte, NC",779,57,7,843,"Charlotte, Mecklenburg County, North Carolina, United States","(35.2272086, -80.8430827, 0.0)",Charlotte, United States,"Charlotte,  United States"
84,"Stockholm, Sweden",753,83,6,842,"Stockholm, Stockholms kommun, Stockholm County, 111 29, Sweden","(59.3251172, 18.0710935, 0.0)",Stockholm, Sweden,"Stockholm,  Sweden"
85,"Oakland, CA",755,59,2,816,"Oakland, Alameda County, California, United States","(37.8044557, -122.2713563, 0.0)",Oakland, United States,"Oakland,  United States"
86,"Colorado, USA",755,55,4,814,"Colorado, United States","(38.7251776, -105.607716, 0.0)",Colorado, United States,"Colorado,  United States"
87,"Pretoria, South Africa",700,89,9,798,"Pretoria, City of Tshwane Metropolitan Municipality, Gauteng, 0126, South Africa","(-25.7459277, 28.1879101, 0.0)",Pretoria, South Africa,"Pretoria,  South Africa"
88,"Liverpool, England",723,63,9,795,"Liverpool, Merseyside, Liverpool City Region, England, United Kingdom","(53.4071991, -2.99168, 0.0)",Liverpool, United Kingdom,"Liverpool,  United Kingdom"
89,"Ankara, Turkiye",621,145,24,790,"Ankara, Çankaya, Ankara, Central Anatolia Region, 06660, Türkiye","(39.9207886, 32.8540482, 0.0)",Ankara, Türkiye,"Ankara,  Türkiye"
92,"Sydney, Australia",703,50,2,755,"Sydney, Council of the City of Sydney, New South Wales, Australia","(-33.8698439, 151.2082848, 0.0)",Sydney, Australia,"Sydney,  Australia"
93,"St Louis, MO",676,61,3,740,"Saint Louis, Missouri, United States","(38.6319657, -90.2428756, 0.0)",Saint Louis, United States,"Saint Louis,  United States"
95,"Michigan, USA",682,35,2,719,"Michigan, United States","(43.6211955, -84.6824346, 0.0)",Michigan, United States,"Michigan,  United States"
96,"North Carolina, USA",648,47,1,696,"North Carolina, United States","(35.6729639, -79.0392919, 0.0)",North Carolina, United States,"North Carolina,  United States"
97,"Bengaluru, India",585,91,19,695,"Bengaluru, Bangalore North, Bangalore Urban, Karnataka, India","(12.9767936, 77.590082, 0.0)",Bengaluru, India,"Bengaluru,  India"
98,Valencia,626,67,0,693,"Valencia, Comarca de València, Valencia, Valencian Community, Spain","(39.4697065, -0.3763353, 0.0)",Valencia, Spain,"Valencia,  Spain"
99,"Kentucky, USA",574,101,14,689,"Kentucky, United States","(37.5726028, -85.1551411, 0.0)",Londonucky, United States,"Londonucky,  United States"
100,"Kansas City, MO",636,51,2,689,"Kansas City, Jackson County, Missouri, United States","(39.100105, -94.5781416, 0.0)",Kansas City, United States,"Kansas City,  United States"
101,"Glasgow, Scotland",644,38,2,684,"Glasgow, Glasgow City, Scotland, G2 9SA, United Kingdom","(55.8609825, -4.2488787, 0.0)",Glasgow, United Kingdom,"Glasgow,  United Kingdom"
102,"Arizona, USA",623,57,3,683,"Arizona, United States","(34.395342, -111.763275, 0.0)",Arizona, United States,"Arizona,  United States"
103,"Oregon, USA",623,50,2,675,"Oregon, United States","(43.9792797, -120.737257, 0.0)",Oregon, United States,"Oregon,  United States"
104,"Baltimore, MD",624,46,4,674,"Baltimore, Maryland, United States","(39.2908816, -76.610759, 0.0)",Baltimore, United States,"Baltimore,  United States"
105,"Tampa, FL",613,58,2,673,"Tampa, Hillsborough County, Florida, United States","(27.9477595, -82.458444, 0.0)",Tampa, United States,"Tampa,  United States"
106,"Grand Rapids, MI",604,54,5,663,"Grand Rapids, Kent County, Michigan, United States","(42.9632405, -85.6678639, 0.0)",Grand Rapids, United States,"Grand Rapids,  United States"
107,"Cordoba, Argentina",574,80,4,658,"Cordoba, Municipio de Córdoba, Pedanía Capital, Departamento Capital, Córdoba, X5000, Argentina","(-31.4173391, -64.183319, 0.0)",Cordoba, Argentina,"Cordoba,  Argentina"
109,"Virginia, USA",615,40,2,657,"Virginia, United States","(37.1232245, -78.4927721, 0.0)",Virginia, United States,"Virginia,  United States"
110,"Bogota, D.C., Colombia",538,101,15,654,"Bogota, Bogota Capital District - Municipality, Colombia","(4.6534649, -74.0836453, 0.0)",Bogota, Colombia,"Bogota,  Colombia"
111,"Cincinnati, OH",606,44,2,652,"Cincinnati, Hamilton County, Ohio, United States","(39.1014537, -84.5124602, 0.0)",Cincinnati, United States,"Cincinnati,  United States"
112,"Brighton, England",599,44,3,646,"Brighton, Brighton and Hove, England, United Kingdom","(50.83891575, -0.12693054250074665, 0.0)",Brighton, United Kingdom,"Brighton,  United Kingdom"
113,"Cape Town, South Africa",577,59,3,639,"Cape Town, City of Cape Town, Western Cape, 8001, South Africa","(-33.928992, 18.417396, 0.0)",Cape Town, South Africa,"Cape Town,  South Africa"
114,"Islamabad, Pakistan",487,114,37,638,"Islamabad, Islamabad Capital Territory, 44000, Pakistan","(33.6938118, 73.0651511, 0.0)",Islamabad, Pakistan,"Islamabad,  Pakistan"
116,"Centurion, South Africa",588,42,7,637,"Centurion, City of Tshwane Metropolitan Municipality, Gauteng, 0014, South Africa","(-25.836389, 28.180278, 0.0)",Centurion, South Africa,"Centurion,  South Africa"
117,"North West, England",605,30,0,635,"North West, 41, Talbot Street, Lace Market, The Park, Nottingham, England, NG1 5GY, United Kingdom","(52.9559076, -1.1557387, 0.0)",North West, United Kingdom,"North West,  United Kingdom"
119,"Cleveland, OH",578,42,4,624,"Cleveland, Cuyahoga County, Ohio, United States","(41.4996562, -81.6936813, 0.0)",Cleveland, United States,"Cleveland,  United States"
120,"New Orleans, LA",564,44,7,615,"New Orleans, Orleans Parish, Louisiana, United States","(29.9759983, -90.0782127, 0.0)",New Orleans, United States,"New Orleans,  United States"
121,"Kampala, Uganda",522,88,3,613,"Kampala, Central Region, Uganda","(0.3177137, 32.5813539, 0.0)",Kampala, Uganda,"Kampala,  Uganda"
123,Universe,536,54,2,592,"Universe, Gammel Fabriksvej, Elsmark, Svenstrup, Sønderborg Municipality, Region of Southern Denmark, 6430, Denmark","(55.04104775, 9.810356535653737, 0.0)",Universe, Denmark,"Universe,  Denmark"
125,"Dubai, United Arab Emirates",506,68,8,582,"Dubai, United Arab Emirates","(25.074282349999997, 55.18853865430702, 0.0)",Dubai, United Arab Emirates,"Dubai,  United Arab Emirates"
126,"Minnesota, USA",525,50,6,581,"Minnesota, United States","(45.9896587, -94.6113288, 0.0)",Minnesota, United States,"Minnesota,  United States"
127,"South East, England",546,34,1,581,"Peckham Palms, South, Bournemouth Close, Peckham, London Borough of Southwark, London, Greater London, England, SE15 4TP, United Kingdom","(51.4680988, -0.0666715, 0.0)",Peckham Palms, United Kingdom,"Peckham Palms,  United Kingdom"
128,"Oxford, England",525,41,2,568,"Oxford, Oxfordshire, England, United Kingdom","(51.7520131, -1.2578499, 0.0)",Oxford, United Kingdom,"Oxford,  United Kingdom"
131,"Medellin, Colombia",457,86,6,549,"Medellín, Valle de Aburrá, Antioquia, 0500, Colombia","(6.2443382, -75.573553, 0.0)",Medellín, Colombia,"Medellín,  Colombia"
132,"West Hollywood, CA",485,54,4,543,"West Hollywood, Los Angeles County, California, United States","(34.0923014, -118.3692894, 0.0)",Hollywood, United States,"Hollywood,  United States"
135,"Long Island, NY",511,26,4,541,"Long Island, New York, United States","(40.85149705, -73.0994258107431, 0.0)",Long Island, United States,"Long Island,  United States"
136,"Lima, Peru",394,119,27,540,"Lima, Province of Lima, Lima Metropolitan Area, Lima, Peru","(-12.0621065, -77.0365256, 0.0)",Lima, Peru,"Lima,  Peru"
137,"Pennsylvania, USA",500,32,2,534,"Pennsylvania, United States","(40.9699889, -77.7278831, 0.0)",Pennsylvania, United States,"Pennsylvania,  United States"
138,"Cairo, Egypt",391,92,48,531,"Cairo, 11519, Egypt","(30.0443879, 31.2357257, 0.0)",Cairo, Egypt,"Cairo,  Egypt"
139,Northern Ireland,504,23,1,528,"Northern Ireland, United Kingdom","(54.5859836, -6.9591554, 0.0)",Northern Ireland, United Kingdom,"Northern Ireland,  United Kingdom"
141,"San Antonio, TX",484,37,6,527,"San Antonio, Bexar County, Texas, United States","(29.4246002, -98.4951405, 0.0)",San Antonio, United States,"San Antonio,  United States"
142,"Seoul, Korea",442,71,10,523,"Seoul, South Korea","(37.5666791, 126.9782914, 0.0)",Seoul, South Korea,"Seoul,  South Korea"
143,"Athens, Greece",462,52,3,517,"Athens, Municipality of Athens, Regional Unit of Central Athens, Attica, 104 31, Greece","(37.9839412, 23.7283052, 0.0)",Athens, Greece,"Athens,  Greece"
145,"Newcastle Upon Tyne, England",475,30,4,509,"Newcastle upon Tyne, North of Tyne, England, United Kingdom","(54.9738474, -1.6131572, 0.0)",Newcastle upon Tyne, United Kingdom,"Newcastle upon Tyne,  United Kingdom"
146,"Fort Lauderdale, FL",446,56,3,505,"Fort Lauderdale, Broward County, Florida, United States","(26.1223084, -80.1433786, 0.0)",Fort Lauderdale, United States,"Fort Lauderdale,  United States"
147,"Bangkok, Thailand",369,113,18,500,"Bangkok, 10200, Thailand","(13.7524938, 100.4935089, 0.0)",Bangkok, Thailand,"Bangkok,  Thailand"
149,"Edinburgh, Scotland",455,34,1,490,"City of Edinburgh, Scotland, United Kingdom","(55.9533456, -3.1883749, 0.0)",City of Edinburgh, United Kingdom,"City of Edinburgh,  United Kingdom"
150,"Maryland, USA",462,26,2,490,"Maryland, United States","(39.5162401, -76.9382069, 0.0)",Maryland, United States,"Maryland,  United States"
151,"Ottawa, Ontario",435,54,1,490,"Ottawa, (Old) Ottawa, Ottawa, Eastern Ontario, Ontario, K1P 1J1, Canada","(45.4208777, -75.6901106, 0.0)",Ottawa, Canada,"Ottawa,  Canada"
154,"Salt Lake City, UT",434,45,3,482,"Salt Lake City, Salt Lake County, Utah, United States","(40.7596198, -111.8867975, 0.0)",Salt Lake City, United States,"Salt Lake City,  United States"
156,"Brisbane, Queensland",435,43,2,480,"Brisbane City, Queensland, Australia","(-27.4689682, 153.0234991, 0.0)",Brisbane City, Australia,"Brisbane City,  Australia"
158,"Wisconsin, USA",443,30,3,476,"Wisconsin, United States","(44.4308975, -89.6884637, 0.0)",Wisconsin, United States,"Wisconsin,  United States"
159,"Greater Accra, Ghana",441,32,3,476,"Greater Accra Region, Ghana","(5.8101532, 0.0995242, 0.0)",Greater Accra Region, Ghana,"Greater Accra Region,  Ghana"
160,"Prague, Czech Republic",426,39,1,466,"Prague, Czechia","(50.0874654, 14.4212535, 0.0)",Prague, Czechia,"Prague,  Czechia"
162,East Coast,421,27,1,449,"Gisborne, New Zealand","(-38.1532287, 178.1367523749267, 0.0)",Gisborne, New Zealand,"Gisborne,  New Zealand"
166,Hamburg,387,48,6,441,"Hamburg, Germany","(53.550341, 10.000654, 0.0)",Hamburg, Germany,"Hamburg,  Germany"
164,"Accra, Ghana",366,66,9,441,"Accra, Korle-Klottey Municipal District, Greater Accra Region, Ghana","(5.5571096, -0.2012376, 0.0)",Accra, Ghana,"Accra,  Ghana"
165,Roma,371,69,1,441,"Rome, Roma Capitale, Lazio, Italy","(41.8933203, 12.4829321, 0.0)",Rome, Italy,"Rome,  Italy"
168,"Oklahoma City, OK",413,22,3,438,"Oklahoma City, Oklahoma County, Oklahoma, 73103, United States","(35.4729886, -97.5170536, 0.0)",Oklahoma City, United States,"Oklahoma City,  United States"
170,"Milwaukee, WI",396,35,5,436,"Milwaukee, Wisconsin, United States","(43.0349931, -87.922497, 0.0)",Milwaukee, United States,"Milwaukee,  United States"
173,"Calgary, Alberta",401,28,2,431,"Calgary, Alberta, Canada","(51.0460954, -114.065465, 0.0)",Calgary, Canada,"Calgary,  Canada"
175,Moon,377,47,4,428,"Muhu, Saare maakond, Estonia","(58.5959044, 23.21964608602439, 0.0)",Muhu, Estonia,"Muhu,  Estonia"
176,"Chennai, India",293,100,29,422,"Chennai, Chennai District, Tamil Nadu, 600001, India","(13.0836939, 80.270186, 0.0)",Chennai, India,"Chennai,  India"
177,"Edmonton, Alberta",391,24,1,416,"Edmonton, Alberta, Canada","(53.5462055, -113.491241, 0.0)",Edmonton, Canada,"Edmonton,  Canada"
178,"Helsinki, Finland",387,25,1,413,"Helsinki, Helsinki sub-region, Uusimaa, Southern Finland, Mainland Finland, Finland","(60.1674881, 24.9427473, 0.0)",Helsinki, Finland,"Helsinki,  Finland"
179,"Orange County, CA",373,37,1,411,"Orange County, California, United States","(33.7500378, -117.8704931, 0.0)",Orange County, United States,"Orange County,  United States"
180,"Connecticut, USA",364,45,1,410,"Connecticut, United States","(41.6500201, -72.7342163, 0.0)",Connecticut, United States,"Connecticut,  United States"
182,"Hyderabad, India",293,82,34,409,"Hyderabad, Bahadurpura mandal, Hyderabad, Telangana, India","(17.360589, 78.4740613, 0.0)",Hyderabad, India,"Hyderabad,  India"
183,"Durban, South Africa",367,38,1,406,"Durban, eThekwini Metropolitan Municipality, KwaZulu-Natal, 4023, South Africa","(-29.861825, 31.009909, 0.0)",Durban, South Africa,"Durban,  South Africa"
185,DM for Business Inquiries,316,87,2,405,,,,,
186,"San Jose, CA",365,38,2,405,"San Jose, Santa Clara County, California, United States","(37.3361663, -121.890591, 0.0)",San Jose, United States,"San Jose,  United States"
188,America,337,56,9,402,"America, Horst aan de Maas, Limburg, Netherlands","(51.4371483, 5.9799001, 0.0)",America, Netherlands,"America,  Netherlands"
191,"Massachusetts, USA",374,22,1,397,"Massachusetts, United States","(42.3788774, -72.032366, 0.0)",Massachusetts, United States,"Massachusetts,  United States"
192,"West Midlands, England",361,32,3,396,"West Midlands, West Midlands Combined Authority, England, United Kingdom","(52.5050033, -1.964396123331272, 0.0)",West Midlands, United Kingdom,"West Midlands,  United Kingdom"
193,"Santa Monica, CA",352,33,8,393,"Santa Monica, Los Angeles County, California, United States","(34.0194704, -118.4912273, 0.0)",Santa Monica, United States,"Santa Monica,  United States"
194,"Abuja, Nigeria",343,41,7,391,"Abuja, Municipal Area Council, Federal Capital Territory, 900001, Nigeria","(9.0643305, 7.4892974, 0.0)",Abuja, Nigeria,"Abuja,  Nigeria"
197,"Belo Horizonte, Brasil",319,62,7,388,"Belo Horizonte, Região Geográfica Imediata de Belo Horizonte, Região Metropolitana de Belo Horizonte, Região Geográfica Intermediária de Belo Horizonte, Minas Gerais, Southeast Region, Brazil","(-19.9227318, -43.9450948, 0.0)",Belo Horizonte, Brazil,"Belo Horizonte,  Brazil"
198,"Sacramento, CA",352,34,1,387,"Sacramento, Sacramento County, California, United States","(38.5810606, -121.493895, 0.0)",Sacramento, United States,"Sacramento,  United States"
199,"Manila, Philippines",276,88,23,387,"Manila, Capital District, Metro Manila, Philippines","(14.5948914, 120.9782618, 0.0)",Manila, Philippines,"Manila,  Philippines"
200,"Memphis, TN",349,33,3,385,"Memphis, Shelby County, West Tennessee, Tennessee, United States","(35.1335022, -89.9668758, 0.0)",Memphis, United States,"Memphis,  United States"
201,Essex,337,43,4,384,"Essex, England, United Kingdom","(51.77046785, 0.46466977412300386, 0.0)",Essex, United Kingdom,"Essex,  United Kingdom"
203,Catalunya,343,40,0,383,"Catalonia, Spain","(41.8523094, 1.5745043, 0.0)",Catalonia, Spain,"Catalonia,  Spain"
205,"Jacksonville, FL",349,26,2,377,"Jacksonville, Duval County, Florida, United States","(30.3321838, -81.655651, 0.0)",Jacksonville, United States,"Jacksonville,  United States"
206,Milano,307,58,12,377,"Milan, Lombardy, Italy","(45.4641943, 9.1896346, 0.0)",Milan, Italy,"Milan,  Italy"
207,"Alexandria, VA",337,32,2,371,"Alexandria, Virginia, United States","(38.8051095, -77.0470229, 0.0)",Alexandria, United States,"Alexandria,  United States"
208,"Fort Worth, TX",344,25,0,369,"Fort Worth, Tarrant County, Texas, United States","(32.753177, -97.3327459, 0.0)",Fort Worth, United States,"Fort Worth,  United States"
210,Kuala Lumpur,275,82,10,367,"Kuala Lumpur, Malaysia","(3.1516964, 101.6942371, 0.0)",Kuala Lumpur, Malaysia,"Kuala Lumpur,  Malaysia"
211,"Louisville, KY",343,20,3,366,"Louisville, Jefferson County, Kentucky, United States","(38.2542376, -85.759407, 0.0)",Louisville, United States,"Louisville,  United States"
213,"Nottingham, England",334,24,3,361,"Nottingham, Nottinghamshire, England, United Kingdom","(52.9534193, -1.1496461, 0.0)",Nottingham, United Kingdom,"Nottingham,  United Kingdom"
218,"Raleigh, NC",327,26,0,353,"Raleigh, Wake County, North Carolina, United States","(35.7803977, -78.6390989, 0.0)",Raleigh, United States,"Raleigh,  United States"
219,"Izmir, Turkiye",311,39,2,352,"Izmir, Konak, Izmir, Aegean Region, 00000, Türkiye","(38.4224548, 27.1310699, 0.0)",Izmir, Türkiye,"Izmir,  Türkiye"
220,"Boulder, CO",317,32,2,351,"Boulder, Boulder County, Colorado, United States","(40.0149856, -105.270545, 0.0)",Boulder, United States,"Boulder,  United States"
222,"Belfast, Northern Ireland",327,22,0,349,"Belfast, County Antrim, Ulster, Northern Ireland, BT1 5GS, United Kingdom","(54.596391, -5.9301829, 0.0)",Belfast, United Kingdom,"Belfast,  United Kingdom"
223,"Ohio, USA",327,21,0,348,"Ohio, United States","(40.2253569, -82.6881395, 0.0)",Ohio, United States,"Ohio,  United States"
224,"Karachi, Pakistan",294,47,7,348,"Karachi, Sindh, Pakistan","(24.8546842, 67.0207055, 0.0)",Karachi, Pakistan,"Karachi,  Pakistan"
225,"West Palm Beach, FL",311,30,5,346,"West Palm Beach, Palm Beach County, Florida, United States","(26.715364, -80.0532942, 0.0)",West Palm Beach, United States,"West Palm Beach,  United States"
227,"Richmond, VA",322,23,1,346,"Richmond, Virginia, United States","(37.5385087, -77.43428, 0.0)",Richmond, United States,"Richmond,  United States"
228,North America,308,35,0,343,North America,"(51.0000002, -109.0, 0.0)",North America,North America,"North America, North America"
229,Canberra,300,37,4,341,"Canberra, District of Canberra Central, Australian Capital Territory, 2601, Australia","(-35.2975906, 149.1012676, 0.0)",Canberra, Australia,"Canberra,  Australia"
230,YouTube,273,63,3,339,"YouTube, 901, Cherry Avenue, YouTube, San Bruno, San Mateo County, California, 94066, United States","(37.628145950000004, -122.4264270211096, 0.0)",YouTube, United States,"YouTube,  United States"
231,Santo Domingo,282,52,2,336,"Santo Domingo, Distrito Nacional, Dominican Republic","(18.4801972, -69.942111, 0.0)",Santo Domingo, Dominican Republic,"Santo Domingo,  Dominican Republic"
232,"South Carolina, USA",311,20,3,334,"South Carolina, United States","(33.6874388, -80.4363743, 0.0)",South Carolina, United States,"South Carolina,  United States"
234,"Cardiff, Wales",308,19,0,327,"Cardiff, Wales, CF10 2AF, United Kingdom","(51.4816546, -3.1791934, 0.0)",Cardiff, United Kingdom,"Cardiff,  United Kingdom"
237,"Lahore, Pakistan",265,50,10,325,"Lahore, Lahore Cantonment Tehsil, Punjab, 54010, Pakistan","(31.5656822, 74.3141829, 0.0)",Lahore, Pakistan,"Lahore,  Pakistan"
238,"Guadalajara, Jalisco",264,57,2,323,"Guadalajara, Jalisco, Mexico","(20.6720375, -103.338396, 0.0)",Guadalajara, Mexico,"Guadalajara,  Mexico"
240,"Ann Arbor, MI",288,28,5,321,"Ann Arbor, Washtenaw County, Michigan, United States","(42.2681569, -83.7312291, 0.0)",Ann Arbor, United States,"Ann Arbor,  United States"
241,Yorkshire,300,18,1,319,"Yorkshire, Prince William County, Virginia, United States","(38.7872666, -77.44589662266645, 0.0)",Yorkshire, United States,"Yorkshire,  United States"
242,"Santa Barbara, CA",288,26,3,317,"Santa Barbara, Santa Barbara County, California, United States","(34.4221319, -119.7026673, 0.0)",Santa Barbara, United States,"Santa Barbara,  United States"
243,"Antalya, Turkiye",277,36,3,316,"Antalya, Muratpaşa, Antalya, Mediterranean Region, 07050, Türkiye","(36.8872942, 30.7074549, 0.0)",Antalya, Türkiye,"Antalya,  Türkiye"
244,"Beverly Hills, CA",262,46,7,315,"Beverly Hills, Los Angeles County, California, United States","(34.0696501, -118.3963062, 0.0)",Beverly Hills, United States,"Beverly Hills,  United States"
245,"Asuncion, Paraguay",248,66,1,315,"Asuncion, Distrito Capital de Paraguay, Región Oriental, Paraguay","(-25.2800459, -57.6343814, 0.0)",Asuncion, Paraguay,"Asuncion,  Paraguay"
246,"Scottsdale, AZ",288,23,3,314,"Scottsdale, Maricopa County, Arizona, United States","(33.4942189, -111.9260184, 0.0)",Scottsdale, United States,"Scottsdale,  United States"
247,Solana,294,13,0,307,"Solana, Cagayan, Cagayan Valley, 3503, Philippines","(17.6509356, 121.6909171, 0.0)",Solana, Philippines,"Solana,  Philippines"
249,"Kingston, Jamaica",281,22,3,306,"Kingston, Surrey County, Jamaica","(17.9712148, -76.7928128, 0.0)",Kingston, Jamaica,"Kingston,  Jamaica"
252,"Sheffield, England",280,21,3,304,"Sheffield, South Yorkshire, Sheffield City Region, England, United Kingdom","(53.3806626, -1.4702278, 0.0)",Sheffield, United Kingdom,"Sheffield,  United Kingdom"
253,"Kolkata, India",214,74,14,302,"Kolkata, West Bengal, India","(22.5414185, 88.35769124388872, 0.0)",Kolkata, India,"Kolkata,  India"
254,"Montevideo, Uruguay",257,41,2,300,"Montevideo, Uruguay","(-34.9058916, -56.1913095, 0.0)",Montevideo, Uruguay,"Montevideo,  Uruguay"
255,"Sandton, South Africa",275,20,2,297,"Sandton, Johannesburg Ward 103, Sandton, City of Johannesburg Metropolitan Municipality, Gauteng, 1865, South Africa","(-26.0682406, 28.0479844, 0.0)",Sandton, South Africa,"Sandton,  South Africa"
257,"Akron, OH",261,35,0,296,"Akron, Summit County, Ohio, United States","(41.083064, -81.518485, 0.0)",Akron, United States,"Akron,  United States"
261,"Comunidad de Madrid, Espana",250,39,0,289,"Community of Madrid, Spain","(40.5248319, -3.771562775451811, 0.0)",Community of Madrid, Spain,"Community of Madrid,  Spain"
263,Abu Dhabi,239,42,5,286,"Abu Dhabi, Abu Dhabi Emirate, United Arab Emirates","(24.4538352, 54.3774014, 0.0)",Abu Dhabi, United Arab Emirates,"Abu Dhabi,  United Arab Emirates"
264,"Quito, Ecuador",241,42,3,286,"Quito, Quito Canton, Pichincha, 170130, Ecuador","(-0.2201641, -78.5123274, 0.0)",Quito, Ecuador,"Quito,  Ecuador"
266,"Copenhagen, Denmark",267,15,1,283,"Copenhagen, Copenhagen Municipality, Capital Region of Denmark, 1357, Denmark","(55.6867243, 12.5700724, 0.0)",Copenhagen, Denmark,"Copenhagen,  Denmark"
268,Latinoamerica,232,44,7,283,"Latinoámerica, Distrito Centro, Rosario, Municipio de Rosario, Gran Rosario, Departamento Rosario, Santa Fe, S2000, Argentina","(-32.966811, -60.6660082, 0.0)",Latinoámerica, Argentina,"Latinoámerica,  Argentina"
269,Delhi,228,40,15,283,"Delhi, Kotwali Tehsil, Central Delhi, Delhi, 110006, India","(28.6517178, 77.2219388, 0.0)",Delhi, India,"Delhi,  India"
270,"Bordeaux, France",259,22,0,281,"Bordeaux, Gironde, Nouvelle-Aquitaine, Metropolitan France, France","(44.841225, -0.5800364, 0.0)",Bordeaux, France,"Bordeaux,  France"
271,"Durham, NC",268,11,0,279,"Durham, Durham County, North Carolina, United States","(35.996653, -78.9018053, 0.0)",Durham, United States,"Durham,  United States"
272,"Oslo, Norway",263,15,0,278,"Oslo, Norway","(59.9133301, 10.7389701, 0.0)",Oslo, Norway,"Oslo,  Norway"
274,"Moscow, Russia",228,40,6,274,"Moscow, Central Federal District, 103073, Russia","(55.7504461, 37.6174943, 0.0)",Moscow, Russia,"Moscow,  Russia"
275,"Warsaw, Poland",242,31,1,274,"Warsaw, Masovian Voivodeship, Poland","(52.2319581, 21.0067249, 0.0)",Warsaw, Poland,"Warsaw,  Poland"
273,"Palo Alto, CA",252,15,7,274,"Palo Alto, Santa Clara County, California, United States","(37.4443293, -122.1598465, 0.0)",Palo Alto, United States,"Palo Alto,  United States"
276,"Augusta, GA",246,25,2,273,"Augusta, Richmond County, Georgia, United States","(33.4709714, -81.9748429, 0.0)",Augusta, United States,"Augusta,  United States"
277,"Baton Rouge, LA",249,22,0,271,"Baton Rouge, East Baton Rouge Parish, Louisiana, United States","(30.4507936, -91.1391153, 0.0)",Baton Rouge, United States,"Baton Rouge,  United States"
279,"Denton, TX",253,16,2,271,"Denton County, Texas, United States","(33.1838787, -97.1413417, 0.0)",Denton County, United States,"Denton County,  United States"
280,"Illinois, USA",253,14,3,270,"Illinois, United States","(40.0796606, -89.4337288, 0.0)",Illinois, United States,"Illinois,  United States"
281,"Alberta, Canada",250,19,1,270,"Alberta, Canada","(55.001251, -115.002136, 0.0)",Alberta, Canada,"Alberta,  Canada"
283,"Irvine, CA",236,29,4,269,"Irvine, Orange County, California, United States","(33.6856969, -117.8259819, 0.0)",Irvine, United States,"Irvine,  United States"
284,"Bay Area, CA",231,35,1,267,"San Francisco Bay Area, San Francisco, California, 94110, United States","(37.7884969, -122.3558473, 0.0)",San Francisco Bay Area, United States,"San Francisco Bay Area,  United States"
285,"West Virginia, USA",241,22,1,264,"West Virginia, United States","(38.4758406, -80.8408415, 0.0)",West Virginia, United States,"West Virginia,  United States"
286,"Leicester, England",245,18,0,263,"Leicester, Leicestershire, England, LE1 5YA, United Kingdom","(52.6361398, -1.1330789, 0.0)",Leicester, United Kingdom,"Leicester,  United Kingdom"
287,Beirut,216,41,5,262,"Beirut, El Hamra, Ras Beirut, Beirut Governorate, 2034 1111, Lebanon","(33.8959203, 35.47843, 0.0)",Beirut, Lebanon,"Beirut,  Lebanon"
288,Silicon Valley,234,27,1,262,"Silicon Valley, Palo Alto, Santa Clara County, California, 94301, United States","(37.4429964, -122.1545229, 0.0)",Silicon Valley, United States,"Silicon Valley,  United States"
289,"Wales, United Kingdom",244,18,0,262,"Wales, United Kingdom","(52.2928116, -3.73893, 0.0)",Wales, United Kingdom,"Wales,  United Kingdom"
290,"Providence, RI",245,16,0,261,"Providence, Providence County, Rhode Island, United States","(41.8239891, -71.4128343, 0.0)",Providence, United States,"Providence,  United States"
291,"Brentwood, TN",232,26,1,259,"Brentwood, Williamson County, Tennessee, 37027, United States","(36.0325687, -86.7825235, 0.0)",Brentwood, United States,"Brentwood,  United States"
293,"Belgrade, Republic of Serbia",234,23,0,257,"Belgrade, City of Belgrade, Central Serbia, 11000, Serbia","(44.8178131, 20.4568974, 0.0)",Belgrade, Serbia,"Belgrade,  Serbia"
294,"Wilmington, NC",232,19,5,256,"Wilmington, New Hanover County, North Carolina, United States","(34.2257282, -77.9447107, 0.0)",Wilmington, United States,"Wilmington,  United States"
295,"Alaska, USA",224,27,3,254,"Alaska, United States","(64.4459613, -149.680909, 0.0)",Alaska, United States,"Alaska,  United States"
296,"Springfield, MO",238,13,2,253,"Springfield, Greene County, Missouri, United States","(37.1968298, -93.2946576, 0.0)",Springfield, United States,"Springfield,  United States"
297,"Geneva, Switzerland",204,38,6,248,"Geneva, Switzerland","(46.2017559, 6.1466014, 0.0)",Geneva, Switzerland,"Geneva,  Switzerland"
298,Bandung,218,25,4,247,"Bandung, Regol, West Java, 40252, Indonesia","(-6.9344694, 107.6049539, 0.0)",Bandung, Indonesia,"Bandung,  Indonesia"
300,"Queens, NY",226,21,0,247,"Queens, New York, United States","(40.7135078, -73.8283132, 0.0)",Queens, United States,"Queens,  United States"
301,Midwest,213,32,2,247,"Midwest, Natrona County, Wyoming, United States","(43.411391, -106.280075, 0.0)",Midwest, United States,"Midwest,  United States"
302,"Knoxville, TN",226,19,1,246,"Knoxville, Knox County, Tennessee, United States","(35.9603948, -83.9210261, 0.0)",Knoxville, United States,"Knoxville,  United States"
303,"Windsor, Ontario",231,13,1,245,"Windsor, Southwestern Ontario, Ontario, N9A 3A8, Canada","(42.317099, -83.0353434, 0.0)",Windsor, Canada,"Windsor,  Canada"
304,Blockchain,210,33,0,243,"BLOCKCHAIN, Набережная улица, Профессорский уголок, Alushta, городской округ Алушта, Republic of Crimea, 298500, Ukraine","(44.6465984, 34.4007341, 0.0)",BLOCKCHAIN, Ukraine,"BLOCKCHAIN,  Ukraine"
305,Wakanda,220,21,2,243,"Wakanda, Bukoba, Kagera, Lake Zone, Tanzania","(-1.6632409, 31.4014928, 0.0)",Wakanda, Tanzania,"Wakanda,  Tanzania"
306,Beijing,197,34,12,243,"Beijing, 100051, China","(39.906217, 116.3912757, 0.0)",Beijing, China,"Beijing,  China"
308,"Encinitas, CA",216,25,1,242,"Encinitas, San Diego County, California, United States","(33.0369867, -117.2919818, 0.0)",Encinitas, United States,"Encinitas,  United States"
307,Munchen,212,28,2,242,"Munich, Bavaria, Germany","(48.1371079, 11.5753822, 0.0)",Munich, Germany,"Munich,  Germany"
309,South Florida,218,21,2,241,"South Florida, Columbus, Cherokee County, Kansas, 66725, United States","(37.1677128, -94.8464256, 0.0)",South Florida, United States,"South Florida,  United States"
310,"Newport Beach, CA",221,19,0,240,"Newport Beach, Orange County, California, United States","(33.6170092, -117.9294401, 0.0)",Newport Beach, United States,"Newport Beach,  United States"
312,Palestine,201,37,1,239,"Palestinian Territories, Palestinian Territory","(31.462420950000002, 34.262716572130714, 0.0)",Palestinian Territories, Palestinian Territory,"Palestinian Territories,  Palestinian Territory"
313,"Oaxaca, Mexico",215,22,2,239,"Oaxaca, Mexico","(17.0, -96.5, 0.0)",Oaxaca, Mexico,"Oaxaca,  Mexico"
314,"Adelaide, South Australia",208,27,2,237,"Adelaide, Adelaide City Council, South Australia, Australia","(-34.9281805, 138.5999312, 0.0)",Adelaide, Australia,"Adelaide,  Australia"
315,Rotterdam,224,11,2,237,"Rotterdam, South Holland, Netherlands","(51.9244424, 4.47775, 0.0)",Rotterdam, Netherlands,"Rotterdam,  Netherlands"
316,"Alabama, USA",220,15,0,235,"Alabama, United States","(33.2588817, -86.8295337, 0.0)",Alabama, United States,"Alabama,  United States"
317,"Dar es Salaam, Tanzania",177,54,4,235,"Dar es Salaam, Coastal Zone, Tanzania","(-6.8160837, 39.2803583, 0.0)",Dar es Salaam, Tanzania,"Dar es Salaam,  Tanzania"
318,Mars,206,26,3,235,"Mars, Tournon-sur-Rhône, Ardèche, Auvergne-Rhône-Alpes, Metropolitan France, 07320, France","(45.022172, 4.3221548, 0.0)",Mars, France,"Mars,  France"
319,"Doha, Qatar",169,56,9,234,"Doha, Qatar","(25.2856329, 51.5264162, 0.0)",Doha, Qatar,"Doha,  Qatar"
320,"Windhoek, Namibia",198,32,3,233,"Windhoek, Khomas, Namibia","(-22.5776104, 17.0772739, 0.0)",Windhoek, Namibia,"Windhoek,  Namibia"
322,"Syracuse, NY",211,21,0,232,"City of Syracuse, Onondaga County, New York, United States","(43.0481221, -76.1474244, 0.0)",City of Syracuse, United States,"City of Syracuse,  United States"
323,Tehran,211,19,1,231,"Tehran, بخش مرکزی شهرستان تهران, Tehran County, Tehran Province, Iran","(35.6892523, 51.3896004, 0.0)",Tehran, Iran,"Tehran,  Iran"
